{"instances":[{"start":"2022-03-07 20:20:00","target":[2876.3975,2899.4900000000002,2890.9900000000002,2890.9900000000002,2890.9900000000002,2890.9900000000002,2890.9900000000002,2899.4900000000002,2899.4900000000002,2899.4900000000002,2894.3125,2894.3125,2894.3125,2894.3650000000002,2894.3650000000002,2894.3650000000002,2894.3650000000002,2894.3650000000002,2894.3650000000002,2894.3650000000002,2894.3650000000002,2894.3650000000002,2894.3650000000002,2894.3650000000002,2899.4900000000002,2894.3650000000002,2894.3650000000002,2894.3650000000002,2894.3650000000002,2893.3825,2893.3825,2893.3825,2899.4900000000002,2893.3825,2899.4900000000002,2899.4900000000002,2893.4525,2899.4900000000002,2899.4900000000002,2899.4900000000002,2899.4900000000002,2893.4525,2899.4900000000002,2893.4525,2893.3825,2893.4525,2893.4525,2893.4525,2899.4900000000002,2899.4900000000002,2893.5325000000003,2893.5325000000003,2893.5325000000003,2899.4900000000002,2899.4900000000002,2893.5325000000003,2899.4900000000002]}],"configuration":{"num_samples":57,"output_types":["mean","quantiles","samples"],"quantiles":["0.1","0.9"]}}