{"instances":[{"start":"2020-03-25 20:00:00","target":[157.65181763263854,163.15777832179208,165.44581915950212,155.6545874310238,168.34076217703404,161.17556474638312,163.3686909480383,170.16571677998664,174.85824656894667,182.1669637622304,181.10296885128378,183.93783850658423,189.92940909143618,186.9366602548689,186.9147322321368,190.45039980548978,184.66847860485788,182.8741576252705,192.5148103791521,185.5033986037599,186.66352219748907,184.60551470290073,177.63716127679464,176.28115428897573,171.95776208922325,166.328062386891,169.87736757460576,169.35522803314623,164.61066031068074,176.62515964092117,164.8638345102046,170.86190562468997,172.30693661880662,175.61096207357917,180.24549798825166,191.381143641906,195.23121045307923,193.95895180595733,202.6887405310522,201.629664352273,195.24259032857944,199.25639554689238,189.79521230230816,189.72233317327613,196.9232725155106,191.38227813927045,181.80490165817378,188.32271774344096,174.09245655723188,171.17674098831043,183.18686292525487,181.76751023044005,181.810823653697,171.14515802366506,185.37329690585494,174.3181056141363,185.1051277526542,187.11419593560635,192.45329908485488,196.96366394345927,192.2371198561615,194.48790601308525,210.0134559962961,195.8691767913449,210.23097966551734,206.94839752186252,202.64602180406473,199.8809550371088,193.2651814679492,186.4833783275305,183.8724287769047,180.5075125528565,182.5180264682166,181.86544179856946,175.86162266315714,187.62546386265936,180.47462502928855,190.83676018951311,183.9480583541967,196.0987897037675,195.32509268664407,193.59346581317524,195.67491461956996,207.4404205864077,202.94219486469513,198.8356194914812,208.265902825978,212.659078870858,199.06852331657734,214.6532409968551,205.59262853421964,211.79332006739978,207.71072070596534,202.1071134768833,201.89045790001404,186.5844202215588,195.1772208773715,184.14069197814882,179.95143486730817,192.54981340911692]}],"configuration":{"num_samples":50,"output_types":["mean","quantiles","samples"],"quantiles":["0.1","0.9"]}}
