{"instances":[{"start":"2022-03-07 20:20:00","target":[42343.4225,42343.4225,42343.4225,42343.4225,41908.825,42343.4225,42343.4225,41908.825,42343.4225,41908.825,41908.825,41908.825,41908.825,42343.4225,41908.825,42343.4225,42343.4225,42343.4225,41908.825,42343.4225,42343.4225,42339.762500000004,41908.825,42339.762500000004,42339.762500000004,41908.825,42339.762500000004,42339.762500000004,41908.825,41908.825,42339.762500000004,41908.825,42339.762500000004,41908.825,42339.762500000004,41908.825,42339.762500000004,41908.825,42339.762500000004,41908.825,42339.762500000004,41908.825,42339.762500000004,41908.825,41908.825,42332.4,42332.4,42332.4,41908.825,42332.4,42332.4,41908.825,42332.4,41908.825,42332.4,41908.825,42330.582500000004,41908.825,41908.825,42330.582500000004,42330.582500000004,41908.825,41908.825,41908.825,41908.825,41908.825,41908.825,41908.825,42330.645000000004,42330.645000000004,41908.825,41908.825,41908.825,41908.825,42330.645000000004,42330.645000000004,41908.825,41908.825,41908.825,41908.825,41908.825]}],"configuration":{"num_samples":81,"output_types":["mean","quantiles","samples"],"quantiles":["0.1","0.9"]}}